{"text": " Ich m\u00f6chte, dass du nach Infos suchst \u00fcber Text to Speech, Speech to Text, Voice Cloning und Real-Time Voice Calling mit Open Glow.", "segments": [{"id": 0, "seek": 0, "start": 0.0, "end": 9.44, "text": " Ich m\u00f6chte, dass du nach Infos suchst \u00fcber Text to Speech, Speech to Text, Voice Cloning", "tokens": [50364, 3141, 14570, 11, 2658, 1581, 5168, 11537, 329, 1270, 372, 4502, 18643, 281, 48385, 11, 48385, 281, 18643, 11, 15229, 2033, 16638, 50836], "temperature": 0.0, "avg_logprob": -0.3897991180419922, "compression_ratio": 1.146551724137931, "no_speech_prob": 0.019452309235930443}, {"id": 1, "seek": 0, "start": 9.44, "end": 13.96, "text": " und Real-Time Voice Calling mit Open Glow.", "tokens": [50836, 674, 8467, 12, 22233, 15229, 44150, 2194, 7238, 5209, 305, 13, 51062], "temperature": 0.0, "avg_logprob": -0.3897991180419922, "compression_ratio": 1.146551724137931, "no_speech_prob": 0.019452309235930443}], "language": "German"}