{"text": " Liste mir alle Berechtigungen auf, die ich dir gegeben habe, was du autonomen und selbstst\u00e4ndig bearbeiten darfst, inklusive E-Mail, Twitter, was wei\u00df ich was. Einmal komplett alle Berechtigungen bitte.", "segments": [{"id": 0, "seek": 0, "start": 0.0, "end": 5.36, "text": " Liste mir alle Berechtigungen auf, die ich dir gegeben habe, was du autonomen und selbstst\u00e4ndig", "tokens": [50364, 441, 8375, 3149, 5430, 17684, 4701, 328, 5084, 2501, 11, 978, 1893, 4746, 32572, 6015, 11, 390, 1581, 1476, 266, 4726, 674, 13053, 16913, 328, 50632], "temperature": 0.0, "avg_logprob": -0.36503404085753394, "compression_ratio": 1.36, "no_speech_prob": 0.05568452924489975}, {"id": 1, "seek": 0, "start": 5.36, "end": 9.9, "text": " bearbeiten darfst, inklusive E-Mail, Twitter, was wei\u00df ich was.", "tokens": [50632, 6155, 16779, 19374, 372, 11, 11276, 7233, 462, 12, 44, 864, 11, 5794, 11, 390, 13385, 1893, 390, 13, 50859], "temperature": 0.0, "avg_logprob": -0.36503404085753394, "compression_ratio": 1.36, "no_speech_prob": 0.05568452924489975}, {"id": 2, "seek": 0, "start": 9.9, "end": 12.64, "text": " Einmal komplett alle Berechtigungen bitte.", "tokens": [50859, 6391, 5579, 32261, 5430, 17684, 4701, 328, 5084, 23231, 13, 50996], "temperature": 0.0, "avg_logprob": -0.36503404085753394, "compression_ratio": 1.36, "no_speech_prob": 0.05568452924489975}], "language": "German"}