{"text": " Zum Beispiel w\u00fcrde ich gern, sage ich mal, auge zu auge oder halt mit dir normal eingespr\u00e4ch f\u00fchren und nicht, dass wenn ich eine Sprachnachricht sendt, dass es dann immer 2 Minuten gelb ist zu antwortet.", "segments": [{"id": 0, "seek": 0, "start": 0.0, "end": 7.5200000000000005, "text": " Zum Beispiel w\u00fcrde ich gern, sage ich mal, auge zu auge oder halt mit dir normal eingespr\u00e4ch", "tokens": [50364, 23906, 13772, 11942, 1893, 38531, 11, 19721, 1893, 2806, 11, 1609, 432, 2164, 1609, 432, 4513, 12479, 2194, 4746, 2710, 17002, 279, 1424, 10168, 50740], "temperature": 0.0, "avg_logprob": -0.3394371726296165, "compression_ratio": 1.321917808219178, "no_speech_prob": 0.042300913482904434}, {"id": 1, "seek": 0, "start": 7.5200000000000005, "end": 15.32, "text": " f\u00fchren und nicht, dass wenn ich eine Sprachnachricht sendt, dass es dann immer 2 Minuten gelb ist", "tokens": [50740, 35498, 674, 1979, 11, 2658, 4797, 1893, 3018, 7702, 608, 77, 608, 12836, 2845, 83, 11, 2658, 785, 3594, 5578, 568, 27593, 4087, 65, 1418, 51130], "temperature": 0.0, "avg_logprob": -0.3394371726296165, "compression_ratio": 1.321917808219178, "no_speech_prob": 0.042300913482904434}, {"id": 2, "seek": 1532, "start": 15.32, "end": 16.32, "text": " zu antwortet.", "tokens": [50364, 2164, 2511, 13802, 302, 13, 50414], "temperature": 0.0, "avg_logprob": -0.7401242852210999, "compression_ratio": 0.6190476190476191, "no_speech_prob": 0.38985002040863037}], "language": "German"}