{"text": " I want you to check all systems deeply, all the new features, all the consolidation we just made, and analyze the whole system fully and documented well. I want to have a very simple system which doesn't lose its original functionality. I want to have it be well documented and easily to understand.", "segments": [{"id": 0, "seek": 0, "start": 0.0, "end": 12.280000000000001, "text": " I want you to check all systems deeply, all the new features, all the consolidation we", "tokens": [50364, 286, 528, 291, 281, 1520, 439, 3652, 8760, 11, 439, 264, 777, 4122, 11, 439, 264, 39114, 321, 50978], "temperature": 0.0, "avg_logprob": -0.29907566792256124, "compression_ratio": 1.3539823008849559, "no_speech_prob": 0.07677394151687622}, {"id": 1, "seek": 0, "start": 12.280000000000001, "end": 24.32, "text": " just made, and analyze the whole system fully and documented well.", "tokens": [50978, 445, 1027, 11, 293, 12477, 264, 1379, 1185, 4498, 293, 23007, 731, 13, 51580], "temperature": 0.0, "avg_logprob": -0.29907566792256124, "compression_ratio": 1.3539823008849559, "no_speech_prob": 0.07677394151687622}, {"id": 2, "seek": 2432, "start": 24.32, "end": 40.24, "text": " I want to have a very simple system which doesn't lose its original functionality.", "tokens": [50364, 286, 528, 281, 362, 257, 588, 2199, 1185, 597, 1177, 380, 3624, 1080, 3380, 14980, 13, 51160], "temperature": 0.0, "avg_logprob": -0.1628330111503601, "compression_ratio": 1.0512820512820513, "no_speech_prob": 0.002833727980032563}, {"id": 3, "seek": 4024, "start": 40.24, "end": 50.400000000000006, "text": " I want to have it be well documented and easily to understand.", "tokens": [50364, 286, 528, 281, 362, 309, 312, 731, 23007, 293, 3612, 281, 1223, 13, 50872], "temperature": 0.0, "avg_logprob": -0.33181872963905334, "compression_ratio": 0.9538461538461539, "no_speech_prob": 0.09382534772157669}], "language": "en"}