{"text": " First, such information on the internet for the different topics then make a concentrated detailed plan to execute from and stored somewhere safe.", "segments": [{"id": 0, "seek": 0, "start": 0.0, "end": 16.56, "text": " First, such information on the internet for the different topics then make a concentrated", "tokens": [50364, 2386, 11, 1270, 1589, 322, 264, 4705, 337, 264, 819, 8378, 550, 652, 257, 21321, 51192], "temperature": 0.0, "avg_logprob": -0.40512320869847346, "compression_ratio": 1.155844155844156, "no_speech_prob": 0.08246555179357529}, {"id": 1, "seek": 1656, "start": 16.56, "end": 25.24, "text": " detailed plan to execute from and stored somewhere safe.", "tokens": [50364, 9942, 1393, 281, 14483, 490, 293, 12187, 4079, 3273, 13, 50798], "temperature": 0.0, "avg_logprob": -0.46788641122671276, "compression_ratio": 0.9333333333333333, "no_speech_prob": 0.2921288311481476}], "language": "en"}