{"text": " Hier bei dem CEO-Workflow sieht es jetzt f\u00fcr mich so aus, als w\u00e4re das ein strikter durchgegenen Workflow. Das ist aber nicht das, was ich m\u00f6chte, ich m\u00f6chte, dass du intelligent die Aufgaben an die jeweiligen Agenten verteilt, also wenn es irgendwie um Security geht, dann halt eine Security aufnimmt. Und wenn es um Data-Management geht und da geht es nicht nur um Memory und Historie, sondern auch zum Beispiel, haben wir irgendwelche alten verweistende Teilen auf dem System oder muss die Database angeglichen werden, Memory neu indexiert werden, so zur\u00fcck. Genau, also ich m\u00f6chte eigentlich, dass es eher so ein sortularises System ist, wo wir, wo du eine Anfrage bekommst und dann die Anfrage optimal aufteil ist, auf die jeweiligen Agenten, weil jetzt komme ihr noch weiter bei Agenten dazu, dann sp\u00e4ter, falls du mir folgen kannst, dann voll zu verstehst, was ich meine.", "segments": [{"id": 0, "seek": 0, "start": 0.0, "end": 14.88, "text": " Hier bei dem CEO-Workflow sieht es jetzt f\u00fcr mich so aus, als w\u00e4re das ein strikter durchgegenen", "tokens": [50364, 10886, 4643, 1371, 9282, 12, 28846, 10565, 14289, 785, 4354, 2959, 6031, 370, 3437, 11, 3907, 14558, 1482, 1343, 3575, 74, 391, 7131, 432, 1766, 268, 51108], "temperature": 0.0, "avg_logprob": -0.4061304393567537, "compression_ratio": 1.32, "no_speech_prob": 0.3614129424095154}, {"id": 1, "seek": 0, "start": 14.88, "end": 15.88, "text": " Workflow.", "tokens": [51108, 6603, 10565, 13, 51158], "temperature": 0.0, "avg_logprob": -0.4061304393567537, "compression_ratio": 1.32, "no_speech_prob": 0.3614129424095154}, {"id": 2, "seek": 0, "start": 15.88, "end": 23.400000000000002, "text": " Das ist aber nicht das, was ich m\u00f6chte, ich m\u00f6chte, dass du intelligent die Aufgaben an", "tokens": [51158, 2846, 1418, 4340, 1979, 1482, 11, 390, 1893, 14570, 11, 1893, 14570, 11, 2658, 1581, 13232, 978, 29648, 25071, 364, 51534], "temperature": 0.0, "avg_logprob": -0.4061304393567537, "compression_ratio": 1.32, "no_speech_prob": 0.3614129424095154}, {"id": 3, "seek": 2340, "start": 23.4, "end": 30.2, "text": " die jeweiligen Agenten verteilt, also wenn es irgendwie um Security geht, dann halt eine", "tokens": [50364, 978, 46534, 388, 3213, 27174, 268, 16167, 2352, 11, 611, 4797, 785, 20759, 1105, 11164, 7095, 11, 3594, 12479, 3018, 50704], "temperature": 0.0, "avg_logprob": -0.3437019250331781, "compression_ratio": 1.5025641025641026, "no_speech_prob": 0.42613551020622253}, {"id": 4, "seek": 2340, "start": 30.2, "end": 31.72, "text": " Security aufnimmt.", "tokens": [50704, 11164, 2501, 77, 15314, 13, 50780], "temperature": 0.0, "avg_logprob": -0.3437019250331781, "compression_ratio": 1.5025641025641026, "no_speech_prob": 0.42613551020622253}, {"id": 5, "seek": 2340, "start": 31.72, "end": 39.68, "text": " Und wenn es um Data-Management geht und da geht es nicht nur um Memory und Historie, sondern", "tokens": [50780, 2719, 4797, 785, 1105, 11888, 12, 6652, 11129, 7095, 674, 1120, 7095, 785, 1979, 4343, 1105, 38203, 674, 9038, 17473, 11, 11465, 51178], "temperature": 0.0, "avg_logprob": -0.3437019250331781, "compression_ratio": 1.5025641025641026, "no_speech_prob": 0.42613551020622253}, {"id": 6, "seek": 2340, "start": 39.68, "end": 49.12, "text": " auch zum Beispiel, haben wir irgendwelche alten verweistende Teilen auf dem System oder muss", "tokens": [51178, 2168, 5919, 13772, 11, 3084, 1987, 26455, 338, 1876, 41217, 1306, 826, 468, 5445, 16357, 268, 2501, 1371, 8910, 4513, 6425, 51650], "temperature": 0.0, "avg_logprob": -0.3437019250331781, "compression_ratio": 1.5025641025641026, "no_speech_prob": 0.42613551020622253}, {"id": 7, "seek": 4912, "start": 49.12, "end": 55.08, "text": " die Database angeglichen werden, Memory neu indexiert werden, so zur\u00fcck.", "tokens": [50364, 978, 40461, 651, 15495, 8856, 268, 4604, 11, 38203, 22510, 8186, 4859, 4604, 11, 370, 15089, 13, 50662], "temperature": 0.0, "avg_logprob": -0.35433350146656306, "compression_ratio": 1.3944444444444444, "no_speech_prob": 0.08765846490859985}, {"id": 8, "seek": 4912, "start": 55.08, "end": 66.36, "text": " Genau, also ich m\u00f6chte eigentlich, dass es eher so ein sortularises System ist, wo wir, wo", "tokens": [50662, 22340, 11, 611, 1893, 14570, 10926, 11, 2658, 785, 24332, 370, 1343, 1333, 425, 27489, 279, 8910, 1418, 11, 6020, 1987, 11, 6020, 51226], "temperature": 0.0, "avg_logprob": -0.35433350146656306, "compression_ratio": 1.3944444444444444, "no_speech_prob": 0.08765846490859985}, {"id": 9, "seek": 4912, "start": 66.36, "end": 73.1, "text": " du eine Anfrage bekommst und dann die Anfrage optimal aufteil ist, auf die jeweiligen", "tokens": [51226, 1581, 3018, 1107, 40449, 9393, 1204, 372, 674, 3594, 978, 1107, 40449, 16252, 1609, 16268, 388, 1418, 11, 2501, 978, 46534, 388, 3213, 51563], "temperature": 0.0, "avg_logprob": -0.35433350146656306, "compression_ratio": 1.3944444444444444, "no_speech_prob": 0.08765846490859985}, {"id": 10, "seek": 7310, "start": 73.1, "end": 78.69999999999999, "text": " Agenten, weil jetzt komme ihr noch weiter bei Agenten dazu, dann sp\u00e4ter, falls du mir", "tokens": [50364, 27174, 268, 11, 7689, 4354, 31194, 5553, 3514, 8988, 4643, 27174, 268, 13034, 11, 3594, 24196, 11, 8804, 1581, 3149, 50644], "temperature": 0.0, "avg_logprob": -0.40732442415677583, "compression_ratio": 1.2173913043478262, "no_speech_prob": 0.5221627950668335}, {"id": 11, "seek": 7310, "start": 78.69999999999999, "end": 80.94, "text": " folgen kannst, dann voll zu verstehst, was ich meine.", "tokens": [50644, 3339, 1766, 20853, 11, 3594, 15593, 2164, 22442, 38857, 11, 390, 1893, 10946, 13, 50756], "temperature": 0.0, "avg_logprob": -0.40732442415677583, "compression_ratio": 1.2173913043478262, "no_speech_prob": 0.5221627950668335}], "language": "German"}