{"text": " Okay, dann m\u00f6chte ich, dass du jetzt erstmal einen kompletten System check machst, dann unsere Memoriesysteme auch in die Tiefe kontrollierst und \u00fcberpr\u00fcst, ob jetzt alles mit MetaClaw, dem LoslessClaw, Plug-in und unserem eigenen Memoriesystem auch ordentlich funktioniert und alles sauber implementiert ist.", "segments": [{"id": 0, "seek": 0, "start": 0.0, "end": 11.96, "text": " Okay, dann m\u00f6chte ich, dass du jetzt erstmal einen kompletten System check machst, dann", "tokens": [50364, 1033, 11, 3594, 14570, 1893, 11, 2658, 1581, 4354, 38607, 4891, 5207, 14657, 1147, 8910, 1520, 43350, 11, 3594, 50962], "temperature": 0.0, "avg_logprob": -0.3871646314053922, "compression_ratio": 1.4371584699453552, "no_speech_prob": 0.10411971062421799}, {"id": 1, "seek": 0, "start": 11.96, "end": 18.400000000000002, "text": " unsere Memoriesysteme auch in die Tiefe kontrollierst und \u00fcberpr\u00fcst, ob jetzt alles", "tokens": [50962, 14339, 8731, 284, 530, 9321, 68, 2168, 294, 978, 36804, 2106, 47107, 811, 372, 674, 4502, 48715, 372, 11, 1111, 4354, 7874, 51284], "temperature": 0.0, "avg_logprob": -0.3871646314053922, "compression_ratio": 1.4371584699453552, "no_speech_prob": 0.10411971062421799}, {"id": 2, "seek": 0, "start": 18.400000000000002, "end": 25.76, "text": " mit MetaClaw, dem LoslessClaw, Plug-in und unserem eigenen Memoriesystem auch ordentlich", "tokens": [51284, 2194, 6377, 64, 34, 5901, 11, 1371, 7632, 1832, 34, 5901, 11, 40740, 12, 259, 674, 26792, 28702, 8731, 284, 530, 9321, 2168, 4792, 7698, 51652], "temperature": 0.0, "avg_logprob": -0.3871646314053922, "compression_ratio": 1.4371584699453552, "no_speech_prob": 0.10411971062421799}, {"id": 3, "seek": 2576, "start": 25.76, "end": 31.200000000000003, "text": " funktioniert und alles sauber implementiert ist.", "tokens": [50364, 26160, 674, 7874, 601, 10261, 4445, 4859, 1418, 13, 50636], "temperature": 0.0, "avg_logprob": -0.4817940394083659, "compression_ratio": 0.9056603773584906, "no_speech_prob": 0.09151282161474228}], "language": "German"}