{"text": " Hallo, hallo, test, test, \u00e4hm, erz\u00e4hlme noch einen Witz und rechne 16 mal 18.", "segments": [{"id": 0, "seek": 0, "start": 0.0, "end": 10.64, "text": " Hallo, hallo, test, test, \u00e4hm, erz\u00e4hlme noch einen Witz und rechne 16 mal 18.", "tokens": [50364, 21242, 11, 324, 1913, 11, 1500, 11, 1500, 11, 3078, 8587, 11, 28337, 75, 1398, 3514, 4891, 343, 6862, 674, 319, 339, 716, 3165, 2806, 2443, 13, 50896], "temperature": 0.0, "avg_logprob": -0.6308851877848307, "compression_ratio": 1.0533333333333332, "no_speech_prob": 0.07551459223031998}], "language": "German"}