{"text": " Ich verstehe nicht ganz, warum das irgendwie jedes Mal wieder passiert. Also der Business-Kontext, den m\u00f6chte ich zwar gespeichert haben, aber das muss auf jeden Fall getrennt bleiben. Ich m\u00f6chte erstmal verstehen, du spawnst als CEO-Agent, aber hast die Memory in das Root-Level geschrieben. Das verstehe ich irgendwie nicht. Woher kommt das?", "segments": [{"id": 0, "seek": 0, "start": 0.0, "end": 10.0, "text": " Ich verstehe nicht ganz, warum das irgendwie jedes Mal wieder passiert.", "tokens": [50364, 3141, 22442, 675, 1979, 6312, 11, 24331, 1482, 20759, 36119, 5746, 6216, 21671, 13, 50864], "temperature": 0.0, "avg_logprob": -0.24145939885353557, "compression_ratio": 1.2758620689655173, "no_speech_prob": 0.3076077103614807}, {"id": 1, "seek": 0, "start": 10.0, "end": 20.0, "text": " Also der Business-Kontext, den m\u00f6chte ich zwar gespeichert haben, aber das muss auf jeden Fall getrennt bleiben.", "tokens": [50864, 2743, 1163, 10715, 12, 42, 896, 3828, 11, 1441, 14570, 1893, 19054, 5019, 494, 480, 911, 3084, 11, 4340, 1482, 6425, 2501, 12906, 7465, 483, 1095, 580, 24912, 13, 51364], "temperature": 0.0, "avg_logprob": -0.24145939885353557, "compression_ratio": 1.2758620689655173, "no_speech_prob": 0.3076077103614807}, {"id": 2, "seek": 2000, "start": 21.0, "end": 36.0, "text": " Ich m\u00f6chte erstmal verstehen, du spawnst als CEO-Agent, aber hast die Memory in das Root-Level geschrieben.", "tokens": [50414, 3141, 14570, 38607, 37352, 11, 1581, 17088, 372, 3907, 9282, 12, 32, 6930, 11, 4340, 6581, 978, 38203, 294, 1482, 3101, 310, 12, 11020, 779, 47397, 13, 51164], "temperature": 0.0, "avg_logprob": -0.22500833598050204, "compression_ratio": 1.1691176470588236, "no_speech_prob": 0.1382068693637848}, {"id": 3, "seek": 2000, "start": 36.0, "end": 40.0, "text": " Das verstehe ich irgendwie nicht. Woher kommt das?", "tokens": [51164, 2846, 22442, 675, 1893, 20759, 1979, 13, 6622, 511, 10047, 1482, 30, 51364], "temperature": 0.0, "avg_logprob": -0.22500833598050204, "compression_ratio": 1.1691176470588236, "no_speech_prob": 0.1382068693637848}], "language": "German"}