{
  "timestamp": "2026-04-20T08:27:05.206043",
  "source": "evaluation_framework",
  "metrics": {
    "task_success_rate": 0.9990592662276576,
    "error_rate": 0.0009407337723424271,
    "latency_p50": 111.258,
    "efficiency": 185.625
  },
  "antipattern_count": 0,
  "recommendations": []
}