{
  "version": "3.1",
  "iteration": 120,
  "score": 0.7643629743874077,
  "score_history": [
    0.2609459258572654,
    0.2709459258572654,
    0.28094592585726536,
    0.29094592585726536,
    0.3009459258572653,
    0.3109459258572653,
    0.32094592585726534,
    0.33094592585726534,
    0.34094592585726535,
    0.35042952001471783,
    0.36042952001471784,
    0.3704295200147178,
    0.37056840890360665,
    0.37070729779249556,
    0.37084618668138447,
    0.3709850755702734,
    0.37058977295115525,
    0.37072866184004416,
    0.3758675507289331,
    0.6810064396178219,
    0.6861453285067108,
    0.690734000593949,
    0.6958728894828379,
    0.7010117783717268,
    0.7060884382679813,
    0.7110884382679813,
    0.7156827993790924,
    0.7208216882679813,
    0.7259466882679814,
    0.7309466882679814,
    0.7359466882679813,
    0.7406827993790923,
    0.7458216882679813,
    0.7758216882679814,
    0.8058216882679814,
    0.7564616426391169,
    0.7614616426391169,
    0.7664616426391169,
    0.7714616426391169,
    0.7710156966931709,
    0.801015696693171,
    0.7725645194411831,
    0.7726770194411832,
    0.7583913051554688,
    0.7583913051554688,
    0.7644399462704514,
    0.7645649462704515,
    0.7646774462704514,
    0.7646774462704514,
    0.7646774462704514,
    0.7638256962704514,
    0.7839506962704514,
    0.7640631962704514,
    0.7640631962704514,
    0.7640631962704514,
    0.7632584823816421,
    0.7633804336011543,
    0.7634901896987153,
    0.7634901896987153,
    0.7634901896987153,
    0.7628850921377396,
    0.7630070433572519,
    0.7831167994548128,
    0.7631167994548128,
    0.7631167994548128,
    0.7628850921377396,
    0.7630070433572519,
    0.7631167994548128,
    0.7631167994548128,
    0.7631167994548128,
    0.7628850921377396,
    0.7630070433572519,
    0.7631167994548128,
    0.7831167994548128,
    0.7631167994548128,
    0.7628850921377396,
    0.7626765555523738,
    0.762798506771886,
    0.7629204579913982,
    0.7630424092109104,
    0.7631167994548128,
    0.7628850921377396,
    0.7630070433572519,
    0.7631167994548128,
    0.7831167994548128,
    0.7631167994548128,
    0.7628850921377396,
    0.7627120753250473,
    0.762798506771886,
    0.762798506771886,
    0.762798506771886,
    0.7626341484957789,
    0.7627205799426177,
    0.7627205799426177,
    0.7628425311621299,
    0.7829644823816421,
    0.7630864336011542,
    0.7630864336011542,
    0.7631167994548128,
    0.7631167994548128,
    0.7631167994548128,
    0.7629206119104132,
    0.7628850921377396,
    0.7628850921377396,
    0.7628850921377396,
    0.7627120753250473,
    0.7826765555523738,
    0.7626765555523738,
    0.762798506771886,
    0.7629204579913982,
    0.7630424092109104,
    0.7630424092109104,
    0.7630424092109104,
    0.7628536606909009,
    0.7629400921377396,
    0.7629400921377396,
    0.7629400921377396,
    0.7627615753250473,
    0.782848006771886,
    0.762848006771886,
    0.762848006771886,
    0.762848006771886,
    0.7632011185531612,
    0.7631655987804877,
    0.7652946719512195,
    0.7649532085365853,
    0.764895281707317,
    0.764895281707317,
    0.764895281707317,
    0.7647220659921856,
    0.7848084974390244,
    0.7648084974390243,
    0.7648084974390243,
    0.7633315469483158,
    0.7634505945673635,
    0.7635696421864111,
    0.7636886898054588,
    0.7641304162478729,
    0.7642466953176403,
    0.7643629743874077
  ],
  "patterns": [],
  "cross_pattern_hits": 50,
  "cross_pattern_misses": 0,
  "validation_successes": 200,
  "validation_failures": 5,
  "feedback_processed": 0,
  "novelty_injections": 138,
  "consecutive_failures": 0,
  "last_validation": null,
  "last_decay": "2026-04-14T10:38:45.192126",
  "created": "2026-04-14T00:00:00",
  "thompson_rewards": {
    "test_category": {
      "successes": 2,
      "failures": 1
    }
  },
  "consecutive_same_pattern": 1,
  "last_validated_pattern": "Investigate and fix Opportunity Scanner Daily failure",
  "last_forced_novelty": "2026-04-16T00:04:31.673026",
  "recently_forced_novelty": true
}