{
  "version": "3.1",
  "iteration": 167,
  "score": 0.7686032176149825,
  "score_history": [
    0.2609459258572654,
    0.2709459258572654,
    0.28094592585726536,
    0.29094592585726536,
    0.3009459258572653,
    0.3109459258572653,
    0.32094592585726534,
    0.33094592585726534,
    0.34094592585726535,
    0.35042952001471783,
    0.36042952001471784,
    0.3704295200147178,
    0.37056840890360665,
    0.37070729779249556,
    0.37084618668138447,
    0.3709850755702734,
    0.37058977295115525,
    0.37072866184004416,
    0.3758675507289331,
    0.6810064396178219,
    0.6861453285067108,
    0.690734000593949,
    0.6958728894828379,
    0.7010117783717268,
    0.7060884382679813,
    0.7110884382679813,
    0.7156827993790924,
    0.7208216882679813,
    0.7259466882679814,
    0.7309466882679814,
    0.7359466882679813,
    0.7406827993790923,
    0.7458216882679813,
    0.7758216882679814,
    0.8058216882679814,
    0.7564616426391169,
    0.7614616426391169,
    0.7664616426391169,
    0.7714616426391169,
    0.7710156966931709,
    0.801015696693171,
    0.7725645194411831,
    0.7726770194411832,
    0.7583913051554688,
    0.7583913051554688,
    0.7644399462704514,
    0.7645649462704515,
    0.7646774462704514,
    0.7646774462704514,
    0.7646774462704514,
    0.7638256962704514,
    0.7839506962704514,
    0.7640631962704514,
    0.7640631962704514,
    0.7640631962704514,
    0.7632584823816421,
    0.7633804336011543,
    0.7634901896987153,
    0.7634901896987153,
    0.7634901896987153,
    0.7628850921377396,
    0.7630070433572519,
    0.7831167994548128,
    0.7631167994548128,
    0.7631167994548128,
    0.7628850921377396,
    0.7630070433572519,
    0.7631167994548128,
    0.7631167994548128,
    0.7631167994548128,
    0.7628850921377396,
    0.7630070433572519,
    0.7631167994548128,
    0.7831167994548128,
    0.7631167994548128,
    0.7628850921377396,
    0.7626765555523738,
    0.762798506771886,
    0.7629204579913982,
    0.7630424092109104,
    0.7631167994548128,
    0.7628850921377396,
    0.7630070433572519,
    0.7631167994548128,
    0.7831167994548128,
    0.7631167994548128,
    0.7628850921377396,
    0.7627120753250473,
    0.762798506771886,
    0.762798506771886,
    0.762798506771886,
    0.7626341484957789,
    0.7627205799426177,
    0.7627205799426177,
    0.7628425311621299,
    0.7829644823816421,
    0.7630864336011542,
    0.7630864336011542,
    0.7631167994548128,
    0.7631167994548128,
    0.7631167994548128,
    0.7629206119104132,
    0.7628850921377396,
    0.7628850921377396,
    0.7628850921377396,
    0.7627120753250473,
    0.7826765555523738,
    0.7626765555523738,
    0.762798506771886,
    0.7629204579913982,
    0.7630424092109104,
    0.7630424092109104,
    0.7630424092109104,
    0.7628536606909009,
    0.7629400921377396,
    0.7629400921377396,
    0.7629400921377396,
    0.7627615753250473,
    0.782848006771886,
    0.762848006771886,
    0.762848006771886,
    0.762848006771886,
    0.7632011185531612,
    0.7631655987804877,
    0.7652946719512195,
    0.7649532085365853,
    0.764895281707317,
    0.764895281707317,
    0.764895281707317,
    0.7647220659921856,
    0.7848084974390244,
    0.7648084974390243,
    0.7648084974390243,
    0.7633315469483158,
    0.7634505945673635,
    0.7635696421864111,
    0.7636886898054588,
    0.7641304162478729,
    0.7642466953176403,
    0.7643629743874077,
    0.7643629743874077,
    0.7843629743874078,
    0.7643629743874077,
    0.7639694070618264,
    0.7638855061770944,
    0.7638855061770944,
    0.769942397355584,
    0.7702055552503209,
    0.7704687131450577,
    0.7707318710397946,
    0.7694516013387839,
    0.7696792394608473,
    0.7900529236713736,
    0.7703160815661103,
    0.7694266078818999,
    0.7694266078818999,
    0.7694266078818999,
    0.7687222855493101,
    0.7689499236713735,
    0.7696365738292682,
    0.7698865738292683,
    0.7701365738292683,
    0.7703865738292682,
    0.7902578287340302,
    0.7691455246971798,
    0.7693481001626016,
    0.7695861954006968,
    0.7698242906387921,
    0.7696179716578396,
    0.7698560668959349,
    0.7700941621340301,
    0.7703322573721254,
    0.7705703526102207,
    0.7693892595257512,
    0.789591834991173,
    0.7698299302292683,
    0.7693172922673635,
    0.7695553875054587,
    0.769793482743554,
    0.7686150033257513,
    0.768817578791173,
    0.7690556740292682,
    0.7692937692673635,
    0.7695318645054587,
    0.7681625469114656,
    0.7883651223768874,
    0.7686032176149825
  ],
  "patterns": [
    {
      "type": "performance_gap",
      "metric": "task_success_rate",
      "value": 0,
      "target": 0.8,
      "gap": 0.8,
      "priority": "HIGH",
      "learnings": []
    },
    {
      "type": "error_rate",
      "value": 0,
      "status": "healthy"
    }
  ],
  "cross_pattern_hits": 50,
  "cross_pattern_misses": 0,
  "validation_successes": 200,
  "validation_failures": 5,
  "feedback_processed": 0,
  "novelty_injections": 185,
  "consecutive_failures": 0,
  "last_validation": null,
  "last_decay": "2026-04-14T10:38:45.192126",
  "created": "2026-04-14T00:00:00",
  "thompson_rewards": {
    "test_category": {
      "successes": 2,
      "failures": 1
    }
  },
  "consecutive_same_pattern": 0,
  "last_validated_pattern": "Apply proven pattern: Break score plateau with novel approach",
  "last_forced_novelty": "2026-04-18T20:05:09.370795",
  "recently_forced_novelty": true,
  "feedback_stats": {
    "count": 30,
    "avg_quality": 3.98,
    "last_update": "2026-04-17T18:25:22.091423Z"
  },
  "last_pattern_update": "2026-04-18T22:03:46.309696",
  "patterns_discovered": 2,
  "applied_improvements": [
    "SUCCESS_DOC: Documented learning loop in KG"
  ],
  "last_update": "2026-04-18T04:04:06.205949Z",
  "total_improvements": 1
}