{
  "total_chains": 8,
  "total_patterns": 12,
  "causal_accuracy": 0.5742865947853963,
  "last_mine": "2026-04-18T11:11:56.175240+00:00"
}